class_0,class_1,class_2,class_3,class_4,class_5,class_6,class_7,class_8,class_9,class_10,class_11,class_12,qf_0,qf_1,qf_2,qf_3,qf_4,qf_5,qf_6,qf_7,qf_8,qf_9,qf_10,qf_11,qf_12,y,set,fold,row_id
0.56079435,-1.5632942,-0.2971447,0.31181127,1.0257099,0.7379778,0.8930175,-0.444693,1.2169514,1.0175774,0.9456572,0.2333795,-0.5489698,-0.0087890625,-0.010253906,0.028808594,-0.0048828125,0.03857422,0.015136719,0.00048828125,0.026855469,0.014160156,0.0009765625,-0.0053710938,0.020019531,0.008300781,1,train,3,1
-0.13816795,0.8711411,0.88523895,-2.504116,1.0735842,0.2629665,-0.24955375,3.4030719,-0.8844829,-0.7407068,1.1315274,-0.03458949,0.34645736,0.0024414062,0.0034179688,0.0107421875,0.0029296875,0.032226562,0.0063476562,-0.0053710938,-0.0073242188,-0.019042969,-0.00390625,-0.03564453,0.009765625,0.020019531,1,train,3,2
1.3880951,-1.0823072,-0.14478417,0.5901117,0.98318106,0.99121237,1.5730898,-0.444693,-0.80777013,-0.81747025,0.5243513,0.38079426,0.43012416,0.012207031,-0.0034179688,0.03125,-0.001953125,-0.0009765625,0.041992188,0.044433594,-0.0087890625,0.0043945312,-0.027832031,0.008300781,-0.00390625,-0.005859375,1,train,3,4
1.3526058,-1.1130904,0.067117155,-2.3254719,0.7532188,0.11878536,-0.2893386,-0.444693,-0.46142533,-0.5469797,1.2371018,-3.2579088,0.16542462,-0.036621094,0.033203125,0.017089844,-0.0024414062,0.026855469,0.024414062,0.01171875,0.03466797,-0.016113281,0.017578125,0.0048828125,0.022949219,-0.008300781,1,train,3,5
0.17411017,-1.4119436,0.65650684,0.52785546,0.017157497,0.04328687,1.1192938,-1.0859871,-1.394592,-0.99818015,0.457438,0.33349186,-0.15497732,0.0,0.020019531,0.016113281,-0.029785156,0.026855469,-0.0048828125,-0.001953125,0.045410156,-0.0126953125,-0.025390625,0.0043945312,0.036132812,-0.028808594,1,train,3,7
-0.7008314,-1.0476761,0.16236393,0.49280697,-0.95247614,-0.81445986,1.7322292,0.19660112,1.2262561,1.0587349,-0.49719164,0.3869743,-2.906245,-0.012207031,0.021972656,-0.030761719,-0.0068359375,0.001953125,-0.0146484375,-0.009277344,0.0043945312,-0.0068359375,0.016113281,-0.010253906,-0.045410156,0.036621094,1,train,3,8
-0.32409757,-1.016893,0.20649849,-1.810504,-0.4360045,-0.72847545,-0.1190097,0.8378953,0.1615818,0.011038663,-0.5527049,-2.4692278,-0.12474858,-0.009277344,0.00048828125,0.013183594,-0.012207031,0.036132812,0.024902344,-0.022460938,0.014160156,-0.0073242188,-0.018554688,0.015625,0.00390625,0.008300781,1,train,3,9
-0.6682769,0.6235931,-0.28676727,-2.0053418,-0.4115141,-0.9460579,-1.9055982,2.1204834,-0.053048603,-0.44399038,-0.6895054,0.14131518,-0.4799079,0.015136719,-0.001953125,-0.013671875,0.0009765625,0.008300781,0.029296875,0.021972656,0.00390625,0.0107421875,-0.0043945312,-0.020996094,0.009765625,-0.0126953125,1,train,3,10
0.14769669,-0.24218336,0.0066431668,0.48637238,0.290162,0.1780307,0.74382424,2.1204834,-0.17008214,-0.14229675,0.7687087,0.29946548,-0.14195745,0.00048828125,0.0126953125,0.011230469,-0.020019531,0.032226562,0.026367188,-0.011230469,-0.009765625,0.00390625,-0.0073242188,0.041015625,0.0068359375,-0.029785156,1,train,3,11
-0.62809384,0.18878093,0.46258056,0.4845249,-0.45925704,-0.49516416,-0.8910845,0.19660112,-1.0534165,-0.77458996,-0.5536962,0.39349422,-0.009607678,-0.057128906,0.017089844,0.01171875,0.046875,-0.011230469,-0.016113281,0.025878906,-0.008300781,-0.016601562,-0.040039062,-0.021972656,0.013671875,-0.03515625,1,train,3,13
1.3161716,-1.0463935,0.71792066,0.5772405,0.07140814,-0.54969084,0.24651362,0.8378953,-0.62973857,-0.98133427,0.73500425,-2.7358446,0.64014024,-0.016601562,0.0053710938,0.023925781,-0.013671875,0.05419922,-0.023925781,-0.018066406,-0.010253906,0.017089844,-0.015136719,0.016601562,0.0126953125,0.010253906,1,train,3,14
0.59061503,-1.079742,-0.048313998,0.35656387,0.49969763,0.11878536,-0.55166996,-1.0859871,0.1171256,0.87151635,0.73500425,0.20880876,-0.4032605,-0.001953125,-0.01171875,0.005859375,0.022460938,0.013671875,0.011230469,0.0068359375,-0.0009765625,0.010253906,-0.00048828125,-0.014160156,-0.060058594,-0.025878906,1,train,3,15
-1.5553297,3.4325569,-3.4064653,-2.0195541,-0.03186311,-0.00022961828,3.8246636,-1.7272812,0.90782565,0.83074176,-0.6062355,0.13796484,1.5108863,-0.016113281,0.0087890625,0.030273438,-0.03466797,0.015625,0.020019531,-0.037597656,-0.0029296875,0.030273438,-0.038085938,0.0078125,0.01953125,-0.005859375,1,train,3,17
0.56962895,0.2118683,-0.14166138,0.5448726,0.9671208,0.52196825,-0.98433024,0.19660112,-1.0050316,-0.8325932,0.8316568,0.31469142,0.63923454,-0.053222656,0.040527344,-0.020996094,0.0063476562,0.041503906,0.01953125,0.023925781,0.038085938,-0.026367188,-0.049316406,0.0024414062,0.03955078,0.022460938,1,train,3,18
2.630333,-0.3576202,-1.3652415,0.27599856,1.3448414,0.649372,2.2233233,0.19660112,2.2373762,1.447912,1.2033973,0.31915534,-2.906245,-0.04638672,-0.0053710938,-0.0234375,0.015136719,0.022949219,0.017089844,-0.0009765625,0.046875,-0.0034179688,0.0034179688,-0.01171875,-0.0029296875,-0.015625,1,train,3,19
1.2244079,1.1212542,0.040255215,0.4116823,1.3583184,0.8160978,-0.12646936,0.8378953,-0.07083108,0.15212254,0.7493782,0.48696375,0.58511716,-0.040527344,-0.009277344,-0.022460938,0.021972656,0.037597656,0.0146484375,-0.016113281,-0.012207031,0.008300781,0.024414062,-0.015136719,0.018554688,-0.0068359375,1,train,3,20
-0.20093516,-0.10365912,0.05753114,0.26599115,0.13730893,-0.36618757,-0.99054664,0.19660112,-0.032164525,0.597963,0.16797607,0.40242684,-0.4632651,-0.030273438,0.00390625,-0.030273438,0.030761719,0.018066406,0.016601562,0.033203125,0.009765625,0.08251953,-0.033691406,-0.026367188,0.009277344,-0.025390625,1,train,3,21
0.86562485,-0.49614444,1.0851833,0.21882978,-0.47052112,-0.18425718,2.2991633,-0.444693,-0.83630484,-0.85499054,-0.24490373,0.25238723,0.11028831,-0.005859375,0.029785156,-0.0048828125,-0.015136719,0.009277344,0.0063476562,0.0029296875,-0.017089844,0.020019531,0.05419922,-0.021972656,0.015136719,0.019042969,1,train,3,22
0.076004386,-1.2452015,1.529111,0.49674413,-0.32819578,-0.6482583,0.7152289,0.8378953,-1.3925242,-1.2887708,-0.2914952,0.45272043,-0.6234661,-0.001953125,-0.0014648438,0.00048828125,0.025878906,-0.011230469,0.025878906,-0.028808594,0.020996094,-0.05126953,0.0053710938,0.0073242188,0.033691406,0.022460938,1,train,3,23
-0.41554973,0.1554325,0.7730394,0.56103486,0.1110513,1.1411607,-0.08419796,0.19660112,-1.2674266,-1.2776679,-0.037224703,0.39231074,0.5927026,0.008300781,0.030761719,-0.010253906,0.0014648438,0.025878906,-0.037109375,0.030761719,0.0,-0.014160156,0.0034179688,0.0146484375,0.0087890625,0.009277344,1,train,3,24
-0.305976,2.9785051,-0.3239737,0.52875555,0.6760938,0.2949485,1.1802144,-0.444693,-0.44901896,-0.6612634,-0.113555424,0.3438514,1.5703248,-0.0146484375,-0.020019531,0.026367188,-0.011230469,-0.008300781,-0.032714844,-0.029296875,0.023925781,0.0014648438,0.0063476562,0.048339844,0.012207031,-0.041503906,1,train,3,25
-0.8745493,-1.0258714,-0.6837179,0.089710616,0.25185618,0.64412904,-1.2031469,2.1204834,0.098516025,-0.32090092,0.8455351,0.21831986,-0.5572346,-0.025878906,-0.017089844,0.009277344,0.0063476562,0.018554688,0.0014648438,0.0087890625,0.044433594,0.018554688,0.037109375,0.013183594,0.0107421875,0.05517578,1,train,3,26
0.9097478,-0.7629319,3.3307602,0.44145235,-0.09981372,0.9309184,2.827556,1.4791894,-0.5457887,-0.5552112,0.11890631,0.45020407,0.29335895,0.0087890625,-0.0063476562,0.0107421875,-0.018554688,0.017089844,-0.0053710938,-0.00390625,0.0126953125,-0.0063476562,-0.0063476562,-0.008300781,0.030273438,0.018066406,1,train,3,27
1.2618573,-1.1207862,0.25644338,0.57791215,0.6437464,0.92357826,1.6389835,-0.444693,-0.97174114,-0.9298396,0.48172507,0.42112845,0.22157986,0.0029296875,0.020019531,0.016113281,-0.015136719,0.014160156,0.034179688,0.059570312,-0.040527344,-0.008300781,0.0234375,-0.0107421875,0.015136719,-0.028320312,1,train,3,28
0.09342241,-1.1554172,0.7834498,-2.1182218,0.17626351,-0.1931702,-0.40496334,-1.7272812,-0.48603132,-0.9409426,0.65966487,-2.7890692,-0.10221855,-0.011230469,0.008300781,0.0048828125,-0.001953125,0.0146484375,0.00048828125,0.024902344,0.0043945312,-0.025878906,0.028808594,-0.0024414062,0.020996094,-0.016113281,1,train,3,29
0.07166245,0.66078943,0.20762956,-2.2076838,1.2443444,0.22836302,0.66674113,-0.444693,-0.4730046,-0.65954053,0.5625166,-0.115527816,0.5064319,-0.037109375,0.001953125,-0.008300781,-0.015625,-0.0126953125,-0.022949219,0.0107421875,-0.052246094,0.016601562,0.0087890625,0.0073242188,-0.020996094,-0.009765625,1,train,3,31
1.5736027,0.12080145,-0.054064944,0.5845693,0.81742406,0.89736354,1.6389835,0.19660112,-0.87455785,-0.6840435,0.5045251,0.43368137,0.36808166,-0.001953125,0.001953125,0.009277344,0.015136719,0.0009765625,0.033691406,0.0146484375,-0.0234375,0.0009765625,-0.03125,0.048828125,0.013671875,0.021972656,1,train,3,32
2.120024,0.17210671,-1.3593884,0.4900397,0.7052888,0.75737673,-0.3912873,-0.444693,0.08797061,0.2796149,0.6046473,0.4038007,1.5510781,0.033691406,-0.00390625,0.009765625,0.03466797,0.0,0.017578125,0.0024414062,0.0078125,0.013183594,-0.0029296875,0.022460938,0.048339844,-0.009765625,1,train,3,34
-0.23028347,-1.4683794,-1.0579383,0.43478143,-0.34095642,-0.67447305,-0.040683277,1.4791894,-0.25320488,-0.22480306,-0.25382552,0.3841952,-0.45567963,-0.016601562,-0.013671875,0.0034179688,0.01171875,0.037597656,-0.0073242188,0.015136719,0.072753906,0.030761719,-0.022460938,0.0043945312,-0.040527344,0.024902344,1,train,3,35
0.12612769,0.16569357,-2.0035505,0.5290687,0.51420957,0.6048069,-0.73940474,-0.444693,1.0360249,1.0089631,0.3994465,0.5077117,-0.07380128,-0.001953125,0.017578125,-0.049804688,0.020996094,0.04296875,0.016601562,-0.016601562,0.034179688,0.026855469,-0.008300781,0.028320312,0.010253906,0.0107421875,1,train,3,36
1.3393186,-1.1130904,-0.7028734,0.5272587,0.9173479,0.7212004,-1.1322801,0.19660112,0.5027573,0.35120973,1.2415626,0.4632559,0.6036846,0.0029296875,-0.025878906,0.025390625,-0.009277344,0.015625,0.027832031,0.0014648438,0.011230469,0.020996094,0.0073242188,-0.0009765625,0.0107421875,-0.032714844,1,train,3,37
-0.8930428,0.5889621,0.38307303,0.49765605,-0.14079027,-0.7683219,0.6779306,0.19660112,0.075771,0.097373575,-0.47240892,0.38162583,0.21354151,-0.036132812,0.013671875,0.022949219,0.020019531,-0.0073242188,-0.021484375,0.013671875,0.017578125,-0.001953125,-0.0048828125,-0.047851562,0.021484375,0.0053710938,1,train,3,38
-0.44133002,-1.1926135,0.68681806,0.43878952,-0.898934,-1.0666457,0.20175566,0.8378953,-0.2982814,-0.014230093,-0.913541,0.24670371,-0.77268505,-0.024902344,-0.037597656,0.0043945312,0.037109375,-0.0024414062,-0.02734375,-0.005859375,-0.005859375,-0.025878906,-0.013183594,-0.0034179688,0.041015625,-0.005859375,1,train,3,39
1.2448714,-1.1130904,-0.1847836,-2.3779984,0.7532188,0.03489815,-0.29182515,-0.444693,-0.33177865,-0.45030755,1.2366061,-2.9707103,0.18002951,-0.00048828125,0.0024414062,0.0107421875,-0.0053710938,0.0014648438,0.020019531,-0.0014648438,0.025390625,-0.020019531,-0.020996094,-0.03857422,0.049316406,-0.021484375,1,train,3,40
0.21997194,0.7852047,-1.8597175,0.5524633,0.68836087,0.30281293,-0.43604526,-1.7272812,-0.17483792,-0.105350755,0.49808162,0.49738595,0.43238848,-0.001953125,0.015625,-0.03857422,-0.020019531,-0.015625,-0.03125,-0.015136719,-0.034179688,-0.00390625,0.0024414062,0.0087890625,0.009277344,-0.0107421875,1,train,3,41
0.14985761,0.9904258,0.21740024,0.5721413,-0.078666724,-0.43749171,2.2320263,-1.0859871,0.21410215,0.02884165,-0.16857302,0.52384156,-0.12078601,0.001953125,-0.020996094,0.0,0.0024414062,0.025878906,0.04345703,-0.08544922,0.029296875,-0.009765625,0.04736328,0.044921875,-0.0009765625,0.0087890625,1,train,3,42
0.4336317,-0.905304,-0.18090896,-1.9280243,-0.23652294,-0.6734245,0.28629848,0.8378953,-0.5062951,-0.49184787,-0.46745238,-2.4028068,-0.055799898,-0.03564453,0.005859375,0.016113281,0.025390625,0.020507812,-0.0146484375,0.009277344,-0.03564453,0.012207031,0.011230469,0.021484375,-0.033203125,0.0009765625,1,train,3,43
0.92039156,-1.396552,-1.272336,0.51411575,-0.17988417,0.2530049,-0.049386214,-0.444693,0.7525391,0.7840329,-0.29546043,0.31260893,0.603345,0.028320312,-0.015136719,-0.0068359375,-0.016113281,-0.024902344,-0.020507812,-0.009765625,0.016113281,0.026367188,-0.0029296875,-0.020996094,-0.0107421875,0.0009765625,1,train,3,44
0.4464565,-0.7924324,0.36101234,0.45062664,1.060537,0.52354115,-0.54794014,0.8378953,-0.4256536,-0.82397884,1.2633715,0.4113233,-0.5914259,0.0029296875,-0.009277344,0.01171875,-0.014160156,0.040039062,0.041992188,-0.0078125,0.04248047,0.027832031,0.037109375,0.028808594,0.04638672,-0.012207031,1,train,3,45
-0.035006616,0.32345727,0.4198903,0.49467805,0.6370397,0.1879923,-0.3912873,0.8378953,-0.84395546,-0.9172053,0.6051429,0.4861298,0.005676513,-0.021484375,-0.0034179688,0.025878906,0.028808594,0.03564453,0.0048828125,-0.0107421875,-0.0107421875,-0.025878906,-0.024414062,0.015625,0.041015625,0.03125,1,train,3,46
-0.73134565,0.74159527,0.74741733,0.4478771,-0.2359458,-0.34311858,-0.80405515,0.19660112,-0.8520196,-0.94343114,-0.3618781,0.48212385,0.16134882,-0.053222656,0.028320312,-0.0029296875,0.00390625,-0.005859375,-0.012207031,-0.00048828125,-0.0063476562,-0.024902344,-0.00048828125,-0.029296875,0.033203125,-0.045898438,1,train,3,47
2.6466253,1.0058174,0.026461514,-2.3894436,1.0805098,1.2785261,1.282163,-1.7272812,-1.1785142,0.22276022,1.3659718,-0.21669349,4.0966315,-0.020507812,0.016113281,0.017089844,-0.025390625,0.0234375,-0.009765625,-0.03125,0.01953125,-0.0063476562,0.052734375,0.0029296875,-0.0068359375,0.0043945312,1,train,3,48
1.8844033,-0.56540656,0.91766715,0.5061193,1.1163001,0.33269775,1.6041718,-1.0859871,0.9183711,0.8912337,1.2033973,0.2125785,-2.906245,-0.016601562,0.0053710938,0.014160156,-0.009765625,0.020507812,-0.018066406,-0.011230469,0.030273438,0.034179688,-0.01953125,-0.05078125,0.0078125,0.04638672,1,train,3,49
0.3574065,0.039995644,1.9065994,0.48297092,-0.18868048,0.44751838,0.37581438,-0.444693,-0.14692356,-0.32377234,0.0738018,0.4880749,0.36864775,-0.021972656,-0.0024414062,0.0014648438,0.021972656,0.00048828125,-0.025390625,0.028808594,-0.009765625,-0.013671875,-0.0107421875,-0.0034179688,-0.0034179688,0.0029296875,1,train,3,50
-0.8877862,0.93527263,-0.123666584,0.5316607,-0.30169934,0.15443742,0.3745711,-1.0859871,-0.46411338,-0.29486644,0.38804644,0.43779334,-2.906245,0.0087890625,0.0043945312,0.0043945312,-0.0048828125,0.024902344,-0.018554688,0.017578125,0.00048828125,0.016113281,0.038085938,-0.0078125,0.00048828125,-0.025390625,1,train,3,51
0.06386303,-0.054919112,0.29928198,-1.8754722,0.09919019,1.0557007,-1.1310369,2.1204834,-0.6582733,-0.71448094,-0.2657212,-0.024707207,-0.091689445,-0.024902344,-0.00390625,-0.026367188,-0.0146484375,0.016113281,-0.028808594,-0.00048828125,0.0087890625,0.018066406,-0.0014648438,-0.009277344,-0.045898438,-0.01953125,1,train,3,52
0.568443,0.37604517,0.43891725,0.47860834,0.62621343,0.4013804,0.017750723,0.8378953,-0.45873728,0.37437275,0.5684645,0.4375475,1.3990287,0.0,0.020019531,-0.0063476562,0.012207031,0.028808594,0.0063476562,0.0126953125,0.010253906,0.0034179688,-0.0390625,-0.03515625,0.03125,0.020019531,1,train,3,53
-0.84706044,0.48891678,-1.3867086,0.50457317,-0.42724797,-0.6587442,-0.49945235,0.19660112,0.8679185,0.74612975,0.058436524,0.49387413,-0.3201598,-0.024902344,0.044433594,-0.018554688,0.0087890625,0.0034179688,-0.01953125,-0.024902344,0.0390625,0.0234375,0.028808594,-0.020996094,-0.00048828125,0.017089844,1,train,3,54
-0.19689474,0.13619302,0.15760225,0.4618394,0.6690806,0.6934127,0.8395566,0.19660112,-0.5916923,-0.7876072,1.3917458,0.47084117,0.36038294,-0.001953125,0.022460938,-0.0034179688,0.0014648438,0.026855469,0.037109375,-0.0053710938,0.0087890625,-0.016601562,0.029785156,0.020507812,0.019042969,0.019042969,1,train,3,56
0.24107862,-0.2639881,0.10463352,0.5044412,1.2372476,0.7725813,-0.009601363,0.19660112,-0.40849143,-0.7724842,0.5977081,0.46466595,-0.21701981,-0.015136719,0.0043945312,0.0068359375,0.0078125,0.040039062,0.015625,-0.009277344,0.068847656,-0.05126953,-0.028808594,0.0390625,0.028320312,0.027832031,1,train,3,57
0.31588665,-1.5132715,-0.2976954,0.5287359,0.33782533,0.5062394,-1.0813059,0.19660112,-0.8427148,-0.6350375,0.77961314,0.26577893,-0.06361182,0.0024414062,-0.0024414062,-0.005859375,-0.017089844,0.028808594,-0.0024414062,0.0048828125,0.0014648438,-0.020507812,-0.026855469,-0.0048828125,0.0078125,-0.00390625,1,train,3,58
0.6370296,-1.5825336,-0.82443804,0.43254793,0.21348272,0.3484266,-0.050629493,0.19660112,0.66052514,0.53096247,-0.25531247,0.41436753,0.60028815,0.025878906,-0.022949219,-0.015625,-0.012207031,-0.014160156,-0.0087890625,0.016601562,0.0063476562,0.012207031,0.019042969,0.028320312,0.028320312,-0.00048828125,1,train,3,60
0.3799906,1.3854765,-0.46015638,0.45136917,0.57455,0.7725813,0.21791826,0.8378953,-0.023480058,-0.16297118,0.55111665,0.48670584,1.739017,-0.025878906,-0.0043945312,-0.0234375,-0.012207031,0.03173828,-0.0146484375,-0.0126953125,0.0014648438,0.029296875,0.001953125,-0.0009765625,0.020507812,0.01953125,1,train,3,61
-0.0088444045,0.5812663,0.584564,0.27896473,0.6857777,0.77729994,-1.2404453,0.8378953,-0.8323761,-1.2663735,0.48668158,0.48991397,-0.100973174,-0.03955078,-0.020019531,-0.0053710938,0.011230469,0.029785156,-0.0146484375,-0.024902344,0.00048828125,-0.005859375,-0.053222656,-0.001953125,0.05517578,0.008300781,1,train,3,63
0.42201298,0.046408802,-0.59867376,0.47798595,0.5802417,0.4013804,0.06499524,0.8378953,-0.21722639,0.20687152,0.5659862,0.46101913,1.5096409,-0.036621094,0.036132812,-0.0078125,-0.0068359375,0.032226562,0.026855469,-0.012207031,-0.00048828125,0.0107421875,-0.017089844,0.0063476562,0.026367188,0.021972656,1,train,3,64
-0.9185215,2.0934892,-1.1334822,0.2839438,-0.07673631,-0.13759492,0.4653303,0.19660112,1.4865834,1.4437006,0.29535913,0.4328715,0.85910046,-0.0107421875,0.0146484375,-0.0048828125,0.0048828125,0.033691406,0.015625,-0.0087890625,0.032714844,0.013183594,0.033203125,-0.018066406,0.017578125,0.0073242188,1,train,3,65
0.41365072,1.3405843,-0.96455806,0.46399805,0.69865376,0.4013804,0.1408351,0.8378953,1.7361584,2.0378993,0.58382976,0.44285262,1.8298163,-0.0063476562,0.012207031,0.0078125,-0.018554688,0.0043945312,-0.0146484375,0.0048828125,-0.020019531,0.015136719,0.0043945312,-0.016113281,0.020507812,0.0048828125,1,train,3,66
1.3784062,0.06436565,0.17032754,-1.8141122,-0.29411697,0.7316863,0.4019232,-1.7272812,-0.24514075,-0.30788368,-0.40747824,-2.3859248,0.15093294,-0.020996094,-0.01171875,0.00390625,0.00390625,0.029296875,-0.005859375,-0.0068359375,0.008300781,0.020996094,-0.0073242188,0.041015625,0.0014648438,-0.0014648438,1,train,3,68
0.7050533,-1.93654,1.1055986,-2.0322618,0.43601382,0.6572364,-0.28685206,0.8378953,-0.8993706,-1.3155711,1.2033973,0.029100629,-0.4122046,-0.024902344,-0.02734375,0.019042969,-0.0068359375,0.0024414062,-0.016113281,-0.01953125,-0.0034179688,-0.03564453,-0.018066406,-0.0234375,0.0107421875,-0.0107421875,1,train,3,70
1.405664,0.043843538,-0.2245456,0.5885675,0.9424234,0.94979304,1.6066582,-0.444693,-0.7858522,-0.6781092,0.4985773,0.41754913,0.40634874,-0.0009765625,-0.0053710938,0.022949219,0.0107421875,0.015625,-0.034179688,0.04736328,-0.0087890625,-0.0087890625,0.011230469,0.017578125,0.029785156,0.0053710938,1,train,3,72
-0.8877862,0.93527263,-0.093154244,0.53189903,-0.30169934,0.059015725,0.3708413,-1.0859871,-0.57184213,-0.40168434,0.40935957,0.39948624,-2.906245,0.001953125,-0.0107421875,0.0073242188,-0.00390625,0.04248047,0.0029296875,0.01171875,0.017578125,0.011230469,-0.009765625,0.009765625,0.0048828125,-0.0048828125,1,train,3,73
0.5113947,-0.058767006,1.2648377,0.37271827,0.5726793,0.315396,-0.6200502,0.19660112,-0.88220847,-1.1624271,1.1612667,0.2803372,0.6534998,-0.022460938,-0.001953125,0.011230469,-0.001953125,0.040039062,-0.01171875,-0.0107421875,-0.032714844,-0.0029296875,-0.04248047,0.008300781,0.021972656,-0.0024414062,1,train,3,75
0.301313,2.4988008,-3.7363038,0.317783,0.27837253,-0.2985535,-1.0241151,1.4791894,0.79285985,0.6948265,0.24480243,-3.2287102,1.199202,-0.021972656,-0.012207031,0.00048828125,0.0073242188,0.017578125,-0.0087890625,0.021972656,0.0024414062,0.0107421875,0.030761719,0.021972656,0.0034179688,-0.0063476562,1,train,3,77
-1.018748,0.16825883,-0.08044544,0.43077728,-0.3063801,0.07631746,-0.17495716,-0.444693,0.5860868,0.53479105,-0.5001656,0.38184997,0.67240685,-0.029785156,0.05517578,0.016113281,0.0087890625,0.020996094,0.041992188,-0.0063476562,0.02734375,0.0024414062,0.029296875,0.010253906,0.009765625,-0.001953125,1,train,3,78
1.0290709,0.4581336,-0.50335777,0.46829763,1.2563846,0.8160978,0.00034485044,0.8378953,0.70601517,0.72564673,0.77069134,0.5094664,0.350986,-0.021484375,-0.0063476562,-0.001953125,0.022460938,0.05419922,0.026367188,-0.0024414062,0.03173828,0.017578125,0.013183594,0.05859375,0.021484375,0.016601562,1,train,3,81
-0.605962,1.6355896,0.42651182,0.4953733,0.021257142,-0.32371968,0.5138181,-0.444693,-0.55695444,-0.7891386,-0.1115728,0.45589963,0.29041532,-0.030273438,0.020019531,-0.016601562,0.020507812,0.0024414062,0.0043945312,0.0043945312,0.025390625,-0.00390625,-0.0053710938,0.0146484375,-0.020019531,-0.021972656,1,train,3,82
0.090949915,-1.3157462,1.0360826,0.41126868,-0.04861593,0.030179495,-1.5114795,2.1204834,-0.7837845,-0.6180002,-0.45406973,0.17928484,-0.4779832,-0.00048828125,0.03125,-0.00390625,-0.029785156,0.010253906,0.008300781,0.015625,-0.016601562,0.00390625,-0.016601562,-0.011230469,-0.014160156,0.0146484375,1,train,3,83
-1.2982807,0.018190902,-3.0721583,0.5383395,-1.0379636,-0.99429303,-0.74562114,0.19660112,1.3559028,1.1900558,-0.8867757,0.45985013,-0.777893,-0.0029296875,0.027832031,0.0068359375,-0.026855469,0.009765625,-0.0126953125,0.015625,0.022460938,-0.017089844,-0.0126953125,0.025878906,0.017578125,0.0107421875,1,train,3,84
0.13907312,0.75955206,0.61109287,0.4642974,0.841612,0.36310685,0.34721902,-0.444693,0.22299339,0.23194885,0.07429745,-0.048699465,0.020960703,-0.017089844,0.018066406,0.0078125,-0.00048828125,0.021484375,0.012207031,0.03466797,-0.018554688,-0.0009765625,-0.041503906,0.0053710938,0.04638672,0.015625,0,train,3,85
0.23560092,1.3046706,-0.12384465,0.35760182,0.59404117,0.5004722,-0.5168582,0.19660112,0.35429427,0.059853304,-0.12198154,0.28950366,0.12987472,-0.03515625,0.051757812,-0.033203125,0.018554688,0.037597656,-0.017578125,-0.00048828125,0.019042969,-0.010253906,0.015136719,-0.0078125,0.0078125,0.0024414062,0,train,3,86
0.35320526,-0.4255997,0.2087969,0.44678006,0.20759992,0.4973264,1.4922768,-0.444693,2.5349226,2.6250148,-0.39558256,0.2617272,-0.21475549,-0.0034179688,0.013671875,0.001953125,0.001953125,0.0126953125,0.011230469,0.018554688,0.015136719,-0.04248047,-0.05078125,-0.0043945312,-0.0034179688,0.036132812,0,train,3,87
-0.43826452,-0.64492977,-0.388596,0.295064,-0.35644752,-0.23249233,0.83582675,-1.7272812,0.25235516,-0.32779238,-1.0488546,-2.3696673,0.47484457,-0.016601562,-0.020507812,-0.0053710938,-0.011230469,0.023925781,-0.064941406,-0.0063476562,0.016113281,0.014160156,-0.0126953125,-0.017578125,0.0126953125,0.00048828125,0,train,3,88
0.19192018,0.51713467,0.614585,-2.6727507,0.8969094,0.3798843,-0.8052984,0.8378953,-0.91756666,-0.8310618,1.1602755,-0.15046531,0.6607456,-0.0024414062,-0.0029296875,0.001953125,-0.009765625,-0.009277344,0.0043945312,0.010253906,0.0078125,-0.022949219,0.020507812,0.019042969,-0.00048828125,0.0043945312,0,train,3,89
-0.35218954,0.46454677,0.14662467,0.3436494,-0.2416097,-0.59792596,-0.09663073,-1.0859871,0.35057235,0.052387536,-0.5541918,0.19878669,-0.67928165,-0.0043945312,-0.015625,0.0107421875,0.0126953125,-0.0063476562,-0.0024414062,0.00390625,0.0146484375,-0.001953125,-0.016113281,-0.0126953125,0.0034179688,-0.0087890625,0,train,3,90
-0.40290582,-0.24474862,-0.5962171,-2.0427675,-0.4281714,-0.3336813,-1.0800625,-1.7272812,-0.27264157,-0.25007182,0.5610297,-2.5528247,-0.20966075,-0.001953125,0.0014648438,-0.009277344,-0.00390625,0.016601562,-0.024414062,0.032714844,0.024414062,-0.02734375,-0.020507812,-0.052246094,0.025390625,0.0034179688,0,train,3,91
0.52403855,-0.9091519,-0.76811236,-2.285854,0.0021719025,-0.24297823,-0.22841805,0.8378953,0.18287942,-0.06783049,-0.09819014,-2.7987103,-0.12203139,-0.012207031,0.001953125,0.03125,-0.0029296875,0.027832031,0.03564453,0.0063476562,0.005859375,-0.009765625,-0.017578125,-0.005859375,0.011230469,0.001953125,0,train,3,92
1.7264351,-0.58849394,0.04684704,-2.1172547,-5.8282595,0.882159,1.8379077,0.8378953,-0.9214953,-0.7322839,-0.014920271,-0.2763584,0.7596966,-0.0029296875,-0.0043945312,-0.015136719,0.001953125,0.009765625,-0.0068359375,0.0,0.012207031,-0.029785156,0.013183594,0.013183594,0.011230469,-0.025390625,0,train,3,93
0.96029323,0.9224463,0.09238307,0.392089,0.9579862,0.74479365,-0.04689966,0.19660112,-0.06669562,0.38911286,0.68742144,0.498755,0.33921152,-0.001953125,0.008300781,0.0024414062,0.033203125,0.067871094,0.01171875,0.022460938,0.0029296875,0.0,0.083984375,0.015136719,0.025878906,0.011230469,0,train,3,96
-0.1400776,0.4696773,-0.37023187,-1.9186511,-0.3511737,-0.32634115,-0.8003253,-1.7272812,1.032303,0.7019094,0.6011777,-0.13676749,0.19203043,-0.024902344,0.0107421875,-0.009765625,-0.020019531,0.018554688,-0.0034179688,0.0146484375,0.013183594,0.017578125,-0.017089844,-0.017578125,0.0234375,-0.013671875,0,train,3,97
1.6025188,-0.94634825,-1.1429694,-2.3871293,0.95255315,0.56810623,0.20672877,0.8378953,0.7560543,0.5344082,0.24034154,-3.0678868,0.4226519,-0.021972656,0.029296875,0.0043945312,0.011230469,0.010253906,-0.0073242188,-0.026367188,-0.00390625,-0.0073242188,-0.012207031,0.0107421875,0.010253906,-0.036621094,0,train,3,98
0.90465206,1.2392564,0.19082189,0.40284088,1.1745509,0.7725813,-0.07052192,0.8378953,-0.038160942,0.18638851,0.72509116,0.49268582,0.58794755,-0.020996094,-0.00048828125,-0.011230469,0.014160156,0.020996094,-0.015625,-0.017089844,0.010253906,0.016113281,-0.0063476562,0.016113281,0.03857422,0.0048828125,0,train,3,99
0.7978724,-0.35890284,-0.76081157,-1.810504,0.08509617,0.7636683,0.1520246,-0.444693,1.0155544,1.2455705,-0.37179115,-2.4885898,0.017451001,-0.021972656,0.024414062,0.015136719,0.0048828125,0.026367188,-0.026855469,0.029296875,0.020996094,-0.03564453,-0.040039062,0.037597656,0.0,0.016113281,0,train,3,100
1.4026788,-0.32170653,-0.17212096,0.5036278,0.8241905,0.6949856,0.36213836,-0.444693,0.52219397,0.645629,0.5436818,0.52720875,0.9500131,0.0087890625,0.016113281,-0.0009765625,0.013183594,0.00048828125,0.010253906,0.0063476562,0.045410156,0.053222656,0.020507812,-0.010253906,-0.001953125,-0.048828125,0,train,3,101
1.0126277,1.2610611,0.04653707,0.4038316,0.5569852,0.13346562,1.5904957,0.8378953,-0.7056243,-0.8559477,0.20267184,0.23670574,0.40646195,-0.0024414062,0.012207031,0.0073242188,-0.024902344,0.0,-0.023925781,0.037597656,-0.032226562,0.016113281,-0.0029296875,0.01953125,-0.0068359375,0.023925781,0,train,3,102
0.12154453,-1.0810245,0.8155054,-1.7871015,-0.2694992,-0.10141856,0.58965796,0.8378953,0.49345252,0.954597,-0.13585985,0.22999783,-0.19652767,-0.011230469,-0.0053710938,0.016601562,-0.037109375,0.016601562,-0.011230469,0.001953125,0.03125,-0.017089844,0.059570312,-0.0146484375,-0.027832031,-0.016113281,0,train,3,103
0.06878792,0.15286724,0.4286915,-1.7444288,-0.56381786,-0.1402164,-0.1301992,-1.7272812,-0.38491932,-0.39575002,-1.4914736,-2.33735,-0.095425576,-0.018066406,-0.0024414062,0.0053710938,0.0107421875,0.03955078,0.013671875,0.030273438,0.0024414062,0.00048828125,-0.011230469,0.0034179688,0.016601562,0.018554688,0,train,3,105
0.37906593,-1.4927493,1.2803264,0.26544362,-0.16321892,-0.0018025035,-0.7294585,0.19660112,-1.0693381,-0.8976794,-0.32371274,0.2646027,-0.828161,-0.00048828125,-0.001953125,0.015136719,-0.0126953125,-0.0087890625,-0.017578125,0.033691406,0.020019531,0.00048828125,-0.021484375,0.023925781,-0.0063476562,-0.01171875,0,train,3,106
0.008422858,-1.6812962,0.48663625,-2.2990127,0.5883574,0.50361794,-1.4269367,0.8378953,0.1777101,-0.3413839,0.73401296,-0.2893813,-0.5246283,-0.021484375,-0.008300781,0.022949219,0.0068359375,0.026855469,-0.0546875,-0.022949219,0.025390625,0.009765625,-0.04736328,0.03564453,0.0024414062,-0.013183594,0,train,3,107
0.75970954,-1.6710352,1.1604568,0.5304888,0.37389424,0.5261626,0.046346087,0.19660112,-0.42730778,-0.60996014,-0.3841825,0.42067772,0.49646887,0.009765625,0.0009765625,-0.0014648438,-0.0009765625,-0.020019531,0.0024414062,0.025390625,0.030761719,-0.015625,-0.011230469,0.015136719,0.001953125,-0.053710938,0,train,3,108
-0.79180115,1.1635811,-0.20665303,0.5107931,-0.3035422,-0.17534417,-0.5715624,0.19660112,0.1318065,0.02673592,-0.013433309,0.49067804,-0.0251183,-0.03955078,-0.0048828125,-0.0034179688,-0.02734375,0.020507812,0.018066406,0.0029296875,-0.015625,0.001953125,0.028320312,-0.0068359375,0.0107421875,-0.0234375,0,train,3,109
1.0116729,-0.9476309,-0.84309566,0.46566233,0.5158494,0.68240255,-0.6511321,-0.444693,0.26910377,0.5382368,0.75681305,0.4910179,0.43419993,0.026855469,-0.026367188,-0.01171875,0.0068359375,-0.0053710938,0.026855469,-0.03564453,-0.0048828125,0.016601562,0.025878906,-0.0009765625,0.0053710938,-0.04638672,0,train,3,110
-0.026453393,0.33756623,-0.0016238205,0.49428415,0.71789825,0.30176434,0.90420693,-0.444693,-0.59458715,-0.38043562,0.589282,0.46969146,-2.906245,-0.030273438,-0.030761719,-0.016601562,-0.020507812,0.019042969,-0.0043945312,-0.030761719,0.0107421875,-0.005859375,0.013671875,0.0024414062,0.009277344,-0.018554688,0,train,3,111
-0.42510805,0.047691435,-0.92084557,0.53290546,-0.63051873,0.18432224,0.2216481,-1.0859871,0.27406633,0.37647846,-0.3896347,0.40801394,0.26143196,-0.0063476562,0.024414062,0.005859375,0.0053710938,0.032714844,0.0087890625,-0.0107421875,0.045410156,0.05859375,0.06591797,-0.023925781,-0.0073242188,-0.037597656,0,train,3,112
0.53534573,0.38374096,0.16705635,0.35292408,0.7192316,0.35209668,-0.5765355,0.19660112,-0.06752271,-0.35497543,1.215293,0.32544866,0.80113375,-0.00048828125,0.022460938,-0.001953125,0.009277344,0.0390625,0.032226562,-0.0053710938,0.022949219,-0.024902344,-0.036132812,0.061523438,0.023925781,0.068847656,0,train,3,114
0.5157165,-0.04850595,-0.121862814,0.45785102,0.4846364,0.4013804,0.26764932,0.8378953,0.3065297,0.28631496,0.5788732,0.46233517,1.2424506,0.0024414062,0.024414062,-0.0073242188,0.0048828125,0.05810547,0.033691406,0.008300781,-0.009277344,0.037109375,0.03173828,0.00390625,0.03173828,0.019042969,0,train,3,115
-0.40739855,-1.090003,-0.9911529,-2.1363952,0.022861177,0.73063767,1.1255102,-0.444693,-1.1092452,-0.82263887,0.78556097,-2.8128445,0.48718512,-0.029785156,0.0024414062,0.0087890625,0.0053710938,0.02734375,-0.04345703,0.009277344,0.053222656,-0.017089844,-0.001953125,-0.00048828125,-0.024414062,-0.013183594,0,train,3,117
0.3799906,-0.024135947,-0.14943703,0.480054,0.5819134,0.4013804,0.12964562,0.8378953,0.30590937,0.6163402,0.55855143,0.474917,1.3522704,-0.00048828125,0.033691406,-0.025878906,0.001953125,0.049804688,-0.016113281,-0.009765625,0.005859375,-0.022949219,0.020996094,0.0146484375,0.02734375,0.009277344,0,train,3,118
0.6788208,0.2439341,0.017409706,0.5014337,0.9019643,0.5266869,-0.027007235,0.8378953,-0.14072037,0.6929122,0.587795,0.44900614,1.3964247,-0.009765625,0.048339844,-0.0126953125,-0.0014648438,0.030761719,0.015625,-0.021972656,0.020996094,0.025878906,0.0034179688,0.023925781,0.06933594,0.017578125,0,train,3,119
0.22058505,-0.15368176,-0.4294495,0.54333436,0.053970713,-0.43172446,0.42678875,-0.444693,0.41198394,0.60925734,0.93376154,0.15487319,1.3445716,0.021484375,0.0043945312,-0.0063476562,-0.00048828125,0.012207031,0.022460938,-0.0009765625,-0.044921875,0.015625,0.060058594,0.056152344,-0.0034179688,0.020507812,0,train,3,120
0.022956304,-0.7154745,0.90303916,0.5056525,-0.7689912,-0.47157088,0.33727282,-0.444693,-0.5631577,0.15786545,-0.5199917,0.38544858,-0.6065968,-0.0029296875,-0.0068359375,0.009277344,0.0107421875,0.001953125,0.016113281,0.03173828,-0.0068359375,0.037597656,-0.029296875,-0.0234375,-0.046875,-0.0029296875,0,train,3,121
0.23177157,-0.72573555,-0.22133707,0.39994958,-0.098659456,-0.24192964,-0.24209408,-0.444693,1.0484313,0.50358796,0.2829678,0.34116632,-0.0031543528,-0.036621094,0.018066406,0.01171875,0.03515625,0.017578125,-0.00390625,0.017089844,0.011230469,0.01171875,0.0063476562,0.017578125,0.03173828,-0.057128906,0,train,3,122
-0.3719293,-0.007461734,1.1178259,-1.8333057,-0.5228891,-0.12081748,0.45289755,-1.7272812,-0.33880892,-0.38522136,-1.096933,-2.4885898,0.12534606,-0.021484375,0.018554688,0.008300781,0.0053710938,0.0146484375,0.0048828125,0.030273438,0.021484375,-0.015136719,-0.008300781,0.015625,0.019042969,-0.0034179688,0,train,3,123
-0.55798954,0.28626096,2.4607415,0.5097748,0.27008966,0.48893768,-0.4024768,0.19660112,-1.4727522,-1.2776679,-0.25977334,0.45099705,-0.30329058,-0.009277344,-0.009277344,-0.009277344,0.0029296875,0.018066406,0.03173828,-0.023925781,0.017089844,-0.022949219,-0.00390625,0.015625,0.018554688,-0.029785156,0,train,3,127
1.0116729,0.2157162,-1.0216619,0.46566233,0.5166057,0.722249,-0.4870196,-0.444693,0.67623985,0.5778628,0.78556097,0.48736867,0.5406232,-0.0107421875,0.028808594,-0.0068359375,0.0029296875,0.0234375,0.040527344,0.025878906,0.021484375,0.041992188,0.046875,-0.026367188,0.03173828,0.00048828125,0,train,3,128
-0.010764105,-0.42303443,-0.31333905,0.52023125,0.8411662,1.0494092,0.6505785,0.8378953,0.22092566,0.65424335,0.70576066,0.2568921,0.09081512,0.0087890625,-0.00048828125,-0.0073242188,0.017578125,-0.0034179688,0.0390625,-0.015136719,0.030273438,0.020507812,0.04638672,0.010253906,0.04345703,-0.03466797,0,train,3,129
1.0116729,-1.0502414,0.05102505,0.46566233,0.30847904,0.6871212,-0.6511321,-0.444693,-0.04746573,-0.030310212,0.75681305,0.48582608,0.26947033,0.033691406,-0.041503906,0.020019531,-0.005859375,-0.0043945312,0.0126953125,-0.0087890625,0.037109375,-0.0034179688,0.0029296875,0.0034179688,0.052246094,-0.03564453,0,train,3,130
-0.037589673,0.56330943,-0.22556783,0.5728838,0.2669771,0.3830301,0.20299894,0.19660112,-0.22673795,-0.053281806,0.3335245,0.5052508,0.18784143,-0.001953125,-0.020019531,0.020507812,0.017578125,0.015625,0.016601562,-0.009277344,0.020996094,-0.015136719,-0.026367188,0.0078125,0.04248047,0.020996094,0,train,3,131
-1.3704555,1.4791086,-1.6205882,0.5080101,-0.67135596,0.02755802,0.61701006,0.19660112,1.7373991,1.9716644,-0.41838264,0.487212,0.46216434,-0.03857422,0.03466797,0.0,0.005859375,0.00048828125,0.025390625,0.018066406,-0.017578125,-0.00390625,-0.0043945312,-0.0087890625,-0.022949219,-0.0146484375,0,train,3,132
-0.13858004,0.9686211,0.08665191,0.5487369,0.5453549,0.20843981,0.92161286,-1.0859871,-0.33012447,-0.5071623,1.0041444,0.45643714,0.5786638,-0.024902344,0.00048828125,0.020996094,-0.0024414062,0.018554688,-0.0063476562,0.019042969,-0.0068359375,-0.041015625,0.024902344,-0.008300781,0.018554688,-0.010253906,0,train,3,133
-0.0053768805,0.18493304,-0.36969438,0.52107817,0.27155438,0.33479494,0.13213217,0.8378953,0.14669414,-0.3961329,0.21952409,0.4821383,-0.5337988,-0.03857422,-0.008300781,0.010253906,0.05078125,0.021484375,0.016601562,-0.029296875,0.0009765625,-0.05078125,0.044433594,0.0,0.01171875,-0.016601562,0,train,3,134
0.7352158,0.320892,0.43554056,0.49352783,0.7951427,0.7620954,0.46781686,0.19660112,-0.26602483,-0.18632564,0.42125526,0.41982207,0.27569723,-0.01171875,-0.0087890625,0.00048828125,0.03515625,0.04248047,0.029785156,0.03125,0.013671875,-0.0053710938,-0.013671875,0.033691406,0.06933594,0.06640625,0,train,3,135
-1.5391881,0.18493304,-1.113189,0.44243124,-1.3724748,0.06583156,-2.1007926,-1.7272812,-0.21557221,-0.28720924,-1.3740035,0.5788184,-0.9975325,-0.009765625,0.026367188,-0.0034179688,-0.0126953125,-0.011230469,0.0034179688,-0.021972656,-0.049804688,-0.001953125,0.0029296875,-0.021484375,0.0043945312,0.0087890625,1,train,3,139
-1.3818631,-0.22294387,-0.44831485,0.53686625,-0.6813782,-0.41966566,0.067481786,-0.444693,0.31934962,-0.0710848,-0.7142881,0.4926087,-0.9900602,-0.0546875,0.016113281,0.010253906,0.022949219,-0.0078125,0.01171875,-0.0024414062,-0.0073242188,0.03955078,0.016113281,-0.0009765625,0.023925781,-0.060546875,1,train,3,141
-0.6971227,-0.49614444,1.4815931,0.5392534,-0.04594519,0.46377152,-1.5176959,0.19660112,-0.4678353,-0.70912087,-0.5576614,0.12997706,-1.1767538,-0.025878906,-0.022460938,-0.010253906,0.0034179688,-0.0043945312,-0.045898438,-0.026855469,-0.029785156,0.0014648438,-0.048828125,0.037109375,-0.0146484375,0.018066406,1,train,3,142
-2.4094763,-0.53718865,-0.073579915,0.5184744,-3.0955873,-4.478758,0.3012178,-1.7272812,4.3586607,5.8448668,-4.453502,0.43069017,-1.6920009,0.0068359375,0.022460938,0.009277344,-0.016601562,0.03564453,0.013183594,0.0014648438,-0.0024414062,0.024902344,-0.009277344,0.0390625,0.022460938,-0.027832031,1,train,3,143
-2.4094763,0.22212936,0.12344611,0.5184744,-3.0659585,-3.9518416,0.3012178,-1.7272812,0.064398475,1.7438627,-4.4455714,0.44201863,-1.6780752,-0.005859375,0.016113281,0.034179688,0.0043945312,0.03564453,-0.01171875,-0.030761719,-0.020507812,0.0043945312,0.008300781,-0.0126953125,-0.008300781,-0.016113281,1,train,3,144
-1.6466613,1.9421387,0.7438263,0.50011015,0.16210581,-0.4899212,-1.7613782,1.4791894,-0.42772132,-0.4996965,-0.21962538,0.46625915,1.3983493,0.021972656,-0.0024414062,0.008300781,-0.0053710938,0.0048828125,0.013183594,-0.009277344,-0.026855469,-0.00390625,-0.018554688,0.0146484375,-0.0053710938,-0.022949219,1,train,3,145
-0.604776,-0.5089708,1.5597585,0.37520978,-0.65814155,-0.2786303,0.5759819,0.19660112,-0.60306484,-0.6444175,-0.94823676,0.44532558,-0.66954505,-0.00390625,-0.020019531,0.05029297,-0.008300781,-0.0053710938,-0.017578125,0.0024414062,-0.0024414062,-0.028320312,-0.021484375,0.0014648438,-0.016113281,-0.05419922,1,train,3,146
-1.4401878,0.32987043,0.6495655,0.47060794,-0.6048382,-0.1407407,-0.8115148,0.19660112,-0.87455785,-0.67006916,-0.8119319,0.41678023,0.21693799,-0.06201172,0.013183594,0.0063476562,-0.00048828125,-0.03125,-0.03857422,-0.010253906,-0.021972656,0.015625,0.0063476562,-0.025878906,0.04296875,0.020996094,1,train,3,147
-0.63430524,-0.108789645,1.1264589,0.4804302,-0.48924017,0.5717763,0.06499524,0.8378953,-0.1105315,-0.21082868,-0.026320314,0.2837864,0.2072014,-0.032226562,0.001953125,0.020996094,0.0014648438,0.0126953125,0.0087890625,-0.026855469,0.0034179688,-0.014160156,-0.013183594,0.0078125,0.0073242188,-0.011230469,1,train,3,148
-0.8128274,0.2875436,3.2998323,0.4708029,-0.93102664,0.24671336,0.46781686,-0.444693,-0.89316744,-1.0127288,-0.22012104,0.35400122,0.49714816,-0.020507812,-0.028320312,0.010253906,-0.015136719,0.026855469,-0.001953125,-0.0073242188,0.032226562,0.048828125,0.026855469,0.0034179688,0.0048828125,-0.009277344,1,train,3,149
-1.4898187,-0.68982184,-0.6601766,0.4844678,-0.6618949,-0.02749296,-1.895652,2.1204834,-0.10370799,-0.11587941,-0.46695673,0.4675294,-1.2115111,-0.00390625,0.013671875,-0.010253906,-0.009277344,0.020507812,0.011230469,0.00390625,0.022949219,0.014160156,-0.0126953125,0.022460938,-0.0009765625,-0.0234375,1,train,3,150
-1.3710585,1.5175875,0.13586472,0.5488314,-0.8679359,-0.42386004,-0.1301992,-0.444693,-0.2515507,-0.26634336,-1.5117954,0.38969073,0.8220787,-0.00390625,-0.0029296875,0.016601562,-0.01171875,-0.00048828125,-0.026367188,0.009765625,0.028808594,-0.028320312,-0.017578125,-0.020019531,0.018066406,0.005859375,1,train,3,151
-0.46652734,-0.07544122,-0.22990084,0.49821737,-0.07205953,-0.10666151,-1.3287178,-0.444693,-0.11446019,0.08435634,-0.12693807,0.45129594,-0.001229677,-0.03857422,0.016113281,0.0126953125,-0.0126953125,0.008300781,0.0014648438,0.04736328,0.03125,0.020019531,-0.0034179688,-0.018554688,0.01953125,0.008300781,1,train,3,152
-0.46652734,-0.069028065,-1.0048641,0.4953359,0.20111214,0.34003788,-1.3212582,-0.444693,0.016220363,0.061384745,-0.07043352,0.45919695,0.109835446,-0.03955078,0.0048828125,0.0107421875,0.0107421875,0.024902344,-0.010253906,-0.018554688,0.036621094,0.00048828125,0.012207031,-0.019042969,0.0024414062,-0.0009765625,1,train,3,153
-0.5493459,-0.11648544,0.3936813,0.4936263,-0.13237207,-0.013336995,-1.1123878,0.8378953,-0.4293755,-0.3107551,0.01977551,0.45012212,-0.08851939,-0.03173828,-0.011230469,0.0,0.0073242188,0.033691406,0.0,0.03466797,-0.023925781,-0.0024414062,-0.03173828,-0.001953125,0.0053710938,-0.034179688,1,train,3,154
-1.1601828,1.0417311,-0.80992216,0.32181865,-0.2506926,-0.48205677,-1.1708218,0.19660112,0.54390514,1.0131745,0.053479984,0.41402525,-0.11467234,-0.0546875,0.0073242188,-0.016601562,0.017089844,-0.019042969,-0.0048828125,-0.0043945312,0.0053710938,-0.016601562,-0.028320312,-0.04296875,0.0053710938,-0.011230469,1,train,3,156
-0.7679305,0.08488776,0.5127167,0.45661414,-0.66612196,-0.29278627,-1.7128904,0.19660112,0.32762054,0.058704726,-0.6538183,0.4382465,-0.68120635,-0.061035156,-0.022949219,-0.05029297,0.0234375,0.0009765625,-0.0063476562,-0.0126953125,-0.00390625,0.021484375,0.014160156,0.001953125,0.03173828,-0.009277344,1,train,3,160
-0.14942484,-0.8488682,0.39864743,0.36091858,-0.1287421,-0.78300214,0.03018349,-1.7272812,0.22195953,-0.68346924,-0.40301737,0.40923837,-0.30498883,0.0034179688,0.009277344,0.018554688,-0.009765625,0.0034179688,0.0234375,0.0063476562,-0.05859375,-0.00048828125,-0.005859375,-0.018554688,0.017578125,-0.016113281,1,train,3,161
-2.7199051,2.3807988,-0.17799391,0.49387053,-3.0963833,-4.081342,-0.7294585,-1.7272812,6.5607934,4.9150915,-2.5085557,0.45028841,-1.0996535,-0.005859375,-0.017089844,-0.00048828125,0.0068359375,0.014160156,-0.013671875,-0.001953125,-0.016113281,-0.0107421875,-0.022460938,-0.00048828125,-0.0063476562,-0.00048828125,1,train,3,162
-0.60366035,0.24778199,-0.089418106,0.5532039,-0.6204248,-0.7242811,-1.4033145,-1.0859871,0.058608834,0.06999909,-0.9943326,0.48936442,-0.059536036,-0.036621094,0.012207031,0.009765625,0.015136719,0.040527344,0.0063476562,-0.027832031,-0.0053710938,-0.005859375,-0.017089844,-0.036621094,-0.0078125,0.011230469,1,train,3,164
-0.7372756,1.6048064,-1.0653645,0.54613113,-0.35140055,-0.39345092,-0.8848681,-1.0859871,0.22795594,0.36767268,-0.6795923,0.4855971,0.15478228,-0.03857422,0.025390625,0.0048828125,-0.0107421875,-0.011230469,0.01171875,-0.025390625,-0.033691406,0.0063476562,-0.033691406,-0.04638672,0.0014648438,-0.018066406,1,train,3,165
-2.5421467,-1.556881,0.1433271,0.5725313,-2.9632564,-4.1599865,0.38451734,-1.0859871,-0.06979722,-0.71658665,-3.0012357,0.47294778,-2.0983338,-0.01171875,0.0024414062,-0.0073242188,-0.0009765625,0.00390625,-0.01171875,0.0009765625,-0.021484375,-0.010253906,-0.020019531,0.009277344,0.016601562,-0.016601562,1,train,3,166
-0.5772067,-0.60132027,0.007124611,0.55206937,-0.8498696,-1.1342798,0.37581438,0.19660112,-0.120456606,-0.35363543,-0.7921058,0.4717161,-1.0250441,-0.029785156,-0.016113281,0.048339844,0.0087890625,0.016113281,-0.05517578,-0.020019531,0.001953125,0.0234375,-0.0087890625,-0.020507812,0.028320312,-0.014160156,1,train,3,167
-1.0620167,-0.9091519,0.5111306,0.56734735,-0.5039073,0.13870858,-1.4381262,-0.444693,0.4092959,-0.49663362,-0.66224444,0.444065,-0.7167562,-0.036621094,-0.020507812,0.013671875,-0.0048828125,0.029785156,-0.020996094,0.0,0.00048828125,-0.03173828,-0.016601562,0.024414062,-0.0073242188,-0.041503906,1,train,3,168
-1.2558362,0.56074417,-0.8277092,0.49189112,-0.09403442,-0.059999254,-1.5375884,0.8378953,0.3580162,0.1894514,-0.6216008,0.4935656,-0.58236855,-0.020507812,0.024414062,-0.0107421875,0.020996094,0.032226562,-0.029296875,-0.029296875,0.021484375,0.009765625,0.0078125,0.030761719,0.018554688,0.044921875,0,train,3,169
-2.9188101,1.3611064,2.1940842,0.5805809,-3.6912298,-5.1026692,-0.48826286,-1.0859871,-1.9009792,-1.7185311,-4.522398,0.501563,-1.8235581,-0.023925781,-0.0024414062,0.01953125,-0.00390625,0.023925781,-0.021484375,-0.014160156,0.018066406,-0.04638672,-0.012207031,0.0,0.015625,-0.01171875,0,train,3,170
2.136015,-0.27424914,0.22528471,-2.6605885,-5.8282595,0.9466473,3.3696246,0.8378953,-0.21515866,-0.2148487,0.68742144,0.20295411,1.8139662,0.0063476562,-0.005859375,0.001953125,-0.018066406,0.033691406,0.020019531,-0.00390625,-0.022949219,0.009277344,0.005859375,0.001953125,0.024902344,0.0024414062,1,test,3,0
0.16778822,0.9378379,-0.06821478,0.20873179,1.2276114,0.2855112,-0.25825667,2.1204834,-0.27264157,-0.2678748,1.192493,0.10549069,0.54051,-0.028808594,0.016113281,0.0,-0.0034179688,0.011230469,-0.012207031,-0.02734375,-0.009765625,-0.015625,0.028320312,0.0029296875,-0.0024414062,0.0048828125,1,test,3,3
1.7224649,-0.94634825,-0.6744419,-2.4048772,0.95255315,0.7500366,0.29748797,0.8378953,-0.027201973,-0.17407411,0.0802453,-3.1272361,0.46499476,-0.021484375,0.009277344,0.00048828125,-0.014160156,0.009765625,0.025390625,-0.01171875,0.016601562,0.011230469,0.0107421875,0.041015625,0.018066406,0.0043945312,1,test,3,6
-0.30994606,-1.6081862,0.20006825,0.2950187,-0.3297998,-1.3476679,0.51008826,-1.0859871,-0.3735468,-0.36282405,0.6586735,0.4930498,-1.1622621,-0.001953125,-0.013671875,0.00048828125,0.00390625,0.030273438,0.0063476562,-0.009765625,-0.0078125,0.010253906,0.013183594,-0.015625,-0.0068359375,0.0048828125,1,test,3,12
1.060751,-0.9091519,-1.7019259,0.4705587,0.7333694,0.7091416,-0.6287531,-0.444693,0.15020928,0.27674347,0.76722175,0.5120021,0.43691713,-0.024902344,-0.019042969,-0.036132812,0.029296875,0.028320312,-0.016113281,-0.019042969,0.0009765625,-0.03173828,-0.017089844,-0.0029296875,0.0053710938,-0.020019531,1,test,3,16
-0.24982221,0.8955111,0.105006136,0.5075453,-0.999634,-1.1924766,-0.40869316,-0.444693,0.025938695,0.07937916,-1.0265502,0.38011214,-0.5547438,-0.057128906,0.00390625,0.013183594,0.00048828125,-0.0043945312,-0.0009765625,0.008300781,-0.027832031,0.0024414062,-0.017089844,-0.0146484375,0.0234375,0.0068359375,1,test,3,30
0.74439216,0.54022205,-0.2403673,0.46098658,1.072617,0.7725813,0.058778852,0.8378953,0.5639621,0.67587495,0.74442166,0.5147788,0.3537032,-0.025878906,-0.017578125,-0.025878906,0.05078125,0.03564453,0.029296875,-0.03125,-0.03466797,0.046875,0.029296875,0.029785156,0.04638672,0.0234375,1,test,3,33
0.42201298,0.47095993,0.83506656,0.47798595,0.37975714,0.4013804,0.11348303,0.8378953,-0.3741671,-0.13387382,0.5813515,0.4624147,1.4774874,-0.0048828125,0.0146484375,0.0029296875,-0.0234375,0.009277344,0.030273438,-0.0078125,-0.0043945312,0.0146484375,-0.0078125,-0.008300781,-0.0068359375,-0.0043945312,1,test,3,55
-0.8023545,1.2238648,-0.22130738,0.5144348,-0.67707556,-0.43749171,-0.57404894,-1.0859871,-0.6280844,-0.5956029,-0.6741401,0.4088045,0.65338653,-0.03857422,0.030273438,0.017578125,-0.00390625,0.016601562,-0.0043945312,0.019042969,-0.036132812,-0.061035156,-0.03466797,0.015136719,0.0087890625,0.009277344,1,test,3,59
1.4813465,-1.3106157,-1.0727906,0.48890132,0.39851204,-0.089359775,1.8814224,0.19660112,0.37910703,0.33914962,0.5982037,0.44014823,0.89340496,0.034179688,0.0029296875,-0.0087890625,-0.021484375,0.012207031,0.0053710938,0.0068359375,0.019042969,-0.00390625,0.013183594,-0.0068359375,0.040039062,0.023925781,1,test,3,62
-0.31689116,-0.97200084,-0.6685359,-2.1325505,0.27356043,0.32273614,0.2266212,0.8378953,0.37062934,-0.0915678,-0.3732781,-2.768808,-0.28064734,0.0043945312,0.00390625,0.018066406,0.0068359375,-0.0024414062,-0.0043945312,-0.009277344,-0.02734375,-0.018554688,-0.009277344,0.001953125,0.032226562,-0.0078125,1,test,3,67
-0.25444558,-1.8801042,0.4671081,-2.0264497,0.18400906,0.99016374,0.051319193,2.1204834,-1.2651521,-1.0360832,0.42918572,-2.576547,-1.1604507,-0.015136719,0.030761719,-0.0014648438,-0.00390625,0.015136719,0.0053710938,-0.032714844,0.0,-0.026367188,-0.0029296875,0.037597656,0.022460938,0.012207031,1,test,3,69
0.7292657,-1.8377774,0.16668373,-2.1027508,1.0611738,1.2454954,0.52749413,0.19660112,-0.8749714,-0.5027594,1.713921,0.07589204,-0.90027976,-0.032714844,0.0024414062,0.011230469,0.00390625,0.028320312,0.013671875,-0.008300781,-0.014160156,0.0014648438,-0.020996094,-0.0087890625,0.0087890625,0.016113281,1,test,3,71
0.7236976,-0.34607652,0.23925318,0.4903312,1.0831845,0.75632817,-0.67972744,1.4791894,-0.35162884,-0.8737506,1.3976936,0.43092638,-0.04866728,-0.025878906,-0.012207031,0.03515625,0.0053710938,0.036621094,0.022949219,-0.017089844,-0.0068359375,-0.010253906,-0.0146484375,0.040527344,0.020996094,-0.045410156,1,test,3,74
0.14596796,-1.7890373,0.69070256,0.5903263,0.03497702,-0.74263144,0.603334,-0.444693,-1.6654646,-1.2793908,0.6556996,0.37422135,-0.8445774,-0.0063476562,-0.0043945312,-0.0073242188,0.0014648438,-0.020507812,0.0,-0.024902344,0.005859375,-0.041992188,-0.020507812,-0.0009765625,0.0034179688,-0.029785156,1,test,3,76
-1.0193008,-0.9861098,2.4145625,0.49532998,-0.523116,0.13923287,-0.7555673,-1.0859871,-0.5404126,-0.57607704,0.26611555,0.4626027,-0.5439883,-0.00390625,0.009765625,0.016113281,-0.0053710938,0.013183594,0.033203125,-0.021972656,0.036621094,0.009765625,-0.033203125,0.013183594,0.053222656,-0.02734375,1,test,3,79
0.36674368,0.08232249,0.8448834,0.5109349,0.851475,0.73063767,0.13710529,0.8378953,-0.8892387,-1.1997559,0.5496296,0.46814644,-0.07583917,-0.0107421875,-0.022949219,-0.0068359375,0.049804688,0.03857422,0.022949219,0.001953125,0.029296875,-0.036132812,-0.018554688,0.02734375,0.016113281,0.03564453,1,test,3,80
0.20324743,-0.6295382,-0.8343901,0.5218995,0.42734885,0.3479023,0.5983609,0.8378953,0.6514271,1.5323327,-0.25878206,0.31865638,0.43080345,-0.0009765625,0.026367188,0.0078125,-0.0107421875,0.0146484375,0.010253906,-0.04345703,-0.013671875,-0.0024414062,-0.00390625,0.013671875,-0.0068359375,-0.008300781,0,test,3,94
0.5113947,-1.2426362,1.7838905,0.37271827,0.36455265,0.19533244,-0.79535216,0.19660112,-0.72506094,-0.901508,1.1369797,0.3022253,0.38246012,-0.01953125,-0.0048828125,0.015136719,-0.0063476562,0.0024414062,-0.0048828125,0.0126953125,0.036132812,-0.06298828,-0.029296875,0.015625,0.0078125,-0.017089844,0,test,3,95
0.77793163,-0.83604187,0.120320015,0.26413187,0.22420946,0.30333722,1.0732926,0.19660112,-0.18434948,-0.17196839,-0.020372465,0.48460647,-0.30713993,-0.025390625,0.03466797,-0.0024414062,-0.014160156,0.0126953125,0.033691406,-0.018066406,0.022460938,0.0063476562,-0.026367188,-0.012207031,-0.012207031,0.0029296875,0,test,3,104
0.33123422,-0.3576202,0.13283756,0.45937547,0.44418922,-0.105612926,0.4976555,0.8378953,-0.32867706,-0.4370989,0.8807265,0.3546038,-0.042100735,-0.005859375,-0.011230469,0.0024414062,0.017578125,0.005859375,0.019042969,-0.047851562,-0.029296875,0.013183594,-0.0078125,-0.024414062,0.021972656,-0.0063476562,0,test,3,113
-0.24923927,0.2759999,0.5004662,0.46432105,0.32672048,-0.36513898,0.61825335,0.19660112,0.2320914,0.59662294,0.20663707,0.39759415,-0.11569128,-0.00048828125,0.0014648438,-0.06738281,0.0029296875,0.02734375,0.047851562,-0.041015625,-0.028808594,0.020507812,-0.033691406,-0.001953125,0.0390625,0.044433594,0,test,3,116
1.275466,-1.1207862,-0.32892,0.5807444,0.6437464,0.9225297,1.6389835,-0.444693,-0.7891606,-0.62508315,0.46982935,0.4095951,0.24037376,0.0107421875,-0.008300781,0.0087890625,0.0053710938,0.043945312,0.021484375,0.032714844,0.03564453,0.0034179688,-0.0087890625,0.0078125,-0.011230469,-0.030273438,0,test,3,124
1.1275585,-1.1541346,-0.03634055,0.5663192,0.39102122,0.795126,1.7036338,-0.444693,-0.9661583,-0.53798246,0.43414226,0.4411967,0.03182946,0.020507812,0.018066406,0.018554688,0.00390625,-0.00390625,-0.020996094,0.013183594,-0.020019531,-0.009277344,0.01171875,0.022949219,-0.0234375,-0.013183594,0,test,3,125
0.19027185,-0.008744366,0.33103752,0.49689186,0.8638734,0.69236416,0.08613094,0.8378953,-0.436199,-0.7929672,0.6621431,0.48343506,-0.18860254,-0.012207031,0.025390625,0.0087890625,0.021484375,0.029785156,0.009765625,-0.0234375,-0.008300781,-0.040527344,-0.0063476562,0.040527344,0.03125,0.033203125,0,test,3,126
0.2723064,-0.21781336,0.49138474,0.46341112,-0.008972763,-0.3305355,0.40316647,-0.444693,-0.47403848,-0.5341539,0.835622,0.50500256,-0.25551334,-0.009277344,0.0078125,0.029785156,0.016113281,-0.01171875,0.009765625,-0.0078125,0.020996094,-0.03857422,-0.018554688,-0.01953125,0.0014648438,0.0048828125,0,test,3,136
-0.18348698,-0.9668703,0.46882614,0.30401176,0.014638007,-0.36618757,-1.0315747,0.19660112,-0.55550706,-0.19455713,0.16351518,0.38509187,-1.022893,-0.036621094,-0.016601562,0.05078125,-0.0126953125,0.023925781,0.026367188,0.015136719,-0.009277344,-0.012207031,0.0068359375,-0.05517578,0.023925781,-0.025390625,0,test,3,137
1.2131913,-1.1130904,2.564087,-2.4048772,0.7532188,0.25877213,-0.34404278,-0.444693,-0.87228334,-1.0523548,1.242554,-3.1317482,0.117873795,-0.025878906,0.015136719,0.0,-0.018066406,0.01171875,0.012207031,-0.00390625,-0.0126953125,-0.0048828125,-0.05126953,-0.0043945312,0.024902344,0.025878906,0,test,3,138
-3.1220071,0.055387225,0.4131567,0.5580057,-3.125451,-4.33248,-1.6159148,0.19660112,-0.9210818,-1.7952945,-3.0270097,0.4998493,-1.9767396,-0.030273438,0.0073242188,-0.005859375,-0.0009765625,0.03564453,-0.013671875,-0.0146484375,-0.0053710938,0.012207031,0.021484375,-0.00048828125,0.025390625,-0.01953125,1,test,3,140
-0.5086201,-0.072875954,-0.8173615,0.48318955,0.35443088,0.44804266,-1.5065064,-0.444693,-0.30386427,-0.12832235,-0.13288593,0.44631383,-0.029873382,-0.030273438,0.01171875,0.026367188,-0.0034179688,-0.0009765625,-0.019042969,0.00390625,0.036132812,0.045898438,-0.008300781,0.026855469,-0.038085938,0.025878906,1,test,3,155
-2.0343103,3.676257,1.8741547,0.5328917,-0.96913344,-1.0383339,-0.092900895,0.19660112,-1.1847174,-1.2793908,-0.7053663,0.3567056,1.0202072,0.026367188,0.010253906,0.0048828125,-0.010253906,-0.020507812,0.010253906,-0.0087890625,-0.00048828125,0.014160156,-0.0029296875,0.016601562,0.016113281,0.001953125,1,test,3,157
-0.70589703,0.7557042,0.2900719,0.26209337,-1.1303291,-0.9166974,-0.28187895,-1.7272812,-0.2761567,-0.33640674,-1.1965594,0.35512444,-0.4102799,-0.040527344,0.012207031,0.023925781,0.0014648438,0.016601562,-0.028808594,0.0087890625,-0.018554688,-0.03125,0.010253906,-0.01953125,-0.014160156,-0.01171875,1,test,3,158
-1.4741395,1.9267471,-0.8392342,0.42930996,-0.63415265,0.051151298,-0.2632298,2.1204834,-0.21722639,-0.40149292,-0.44316533,0.435142,1.0538324,-0.019042969,-0.01171875,-0.010253906,0.0,0.01953125,0.013183594,0.02734375,0.019042969,0.030761719,0.021484375,-0.028808594,0.020507812,0.022460938,1,test,3,159
-0.7372756,1.7022865,-0.7253628,0.54613113,-0.15031897,-0.39345092,-0.879895,-1.0859871,0.28709304,0.58456284,-0.6795923,0.4850355,0.3084167,-0.03173828,0.025878906,0.0078125,-0.0068359375,-0.0048828125,-0.0126953125,0.017089844,0.0146484375,0.040527344,0.037109375,0.005859375,0.018554688,-0.033203125,1,test,3,163
